<?xml version="1.0" encoding="UTF-8"?>
<component type="desktop-application">
	<id>com.enjoyingfoss.Parlera</id>
	<name>Parlera</name>
	<summary>A party game where your friends describe and you guess; or vice versa</summary>

	<metadata_license>CC0-1.0</metadata_license>
	<project_license>AGPL-3.0-or-later</project_license>
	<recommends>
		<control>touch</control>
		<control>pointing</control>
		<control>keyboard</control>
	</recommends>
	<developer_name>Enjoying FOSS</developer_name>
	<url type="homepage">https://gitlab.com/enjoyingfoss/parlera</url>
	<url type="bugtracker">https://gitlab.com/enjoyingfoss/parlera/-/issues</url>
	<url type="donation">https://liberapay.com/Parlera/donate</url>

	<description>
		<p>A party game where your friends describe and you guess. Or vice versa.</p>
		<p>Features:</p>
		<ul>
			<li>Mobile first, runs on Linux and Android</li>
			<li>Private (fully offline, no tracking, no ads)</li>
			<li>Translated into several languages</li>
			<li>Free and open-source. Contribute at https://gitlab.com/enjoyingfoss/parlera/.</li>
		</ul>
	</description>

	<screenshots>
		<screenshot type="default">
			<caption>Home screen listing the different word categories</caption>
			<image type="source">https://gitlab.com/enjoyingfoss/parlera/-/raw/master/flatpak/screenshots/overview.png</image>
		</screenshot>
		<screenshot>
			<caption>Tutorial explaining Parlera's gameplay</caption>
			<image type="source">https://gitlab.com/enjoyingfoss/parlera/-/raw/master/flatpak/screenshots/tutorial1.png</image>
		</screenshot>
		<screenshot>
			<caption>Screen describing a part of Parlera's keyboard control</caption>
			<image type="source">https://gitlab.com/enjoyingfoss/parlera/-/raw/master/flatpak/screenshots/tutorial2.png</image>
		</screenshot>
		<screenshot>
			<caption>The alternative way to play, with 1 person performing and others guessing</caption>
			<image type="source">https://gitlab.com/enjoyingfoss/parlera/-/raw/master/flatpak/screenshots/tutorial4.png</image>
		</screenshot>
		<screenshot>
			<caption>Parlera's game cover page</caption>
			<image type="source">https://gitlab.com/enjoyingfoss/parlera/-/raw/master/flatpak/screenshots/pregame.png</image>
		</screenshot>
		<screenshot>
			<caption>Parlera's settings</caption>
			<image type="source">https://gitlab.com/enjoyingfoss/parlera/-/raw/master/flatpak/screenshots/settings.png</image>
		</screenshot>
	</screenshots>

	<releases>
		<release version="1.2.0" date="2022-03-15" />
	</releases>

	<content_rating type="oars-1.1" />

	<launchable type="desktop-id">com.enjoyingfoss.Parlera</launchable>
</component>